<?xml version="1.0" encoding="utf-8"?>
<manifest identifier="MANIFEST1" version="1.0"
 xmlns="http://www.imsproject.org/xsd/imscp_rootv1p1p2"
 xmlns:adlcp="http://www.adlnet.org/xsd/adlcp_rootv1p2"
 xmlns:xsi="http://www.w3.org/2001/XMLSchema-instance"
 xsi:schemaLocation="http://www.imsproject.org/xsd/imscp_rootv1p1p2 imscp_rootv1p1p2.xsd
 http://www.adlnet.org/xsd/adlcp_rootv1p2 adlcp_rootv1p2.xsd">
 <metadata>
  <schema>ADL SCORM</schema>
  <schemaversion>1.2</schemaversion>
  <title>SCORM Package</title>
 </metadata>
 <organizations default="ORG1">
  <organization identifier="ORG1">
   <title>Organization</title>
   <item identifier="ITEMquestion-quiz" identifierref="RESquestion-quiz">
    <title>question-quiz</title>
   </item>
  </organization>
 </organizations>
 <resources>
  <resource identifier="RESquestion-quiz" type="webcontent" adlcp:scormtype="sco" href="question-quiz.html">
   <file href="question-quiz.html" />
  </resource>
 </resources>
</manifest>